essay_id,essay_set,essay,rater1_domain1,rater2_domain1,domain1_score,rater1_trait1,rater1_trait2,rater1_trait3,rater1_trait4,rater2_trait1,rater2_trait2,rater2_trait3,rater2_trait4,domain1_Score_gemini,domain1_Point_gemini,overall statement_gemini,Comments_gemini,Mistakes_gemini,Response_gemini
17834,7,"Patience is when your waiting .I was patience when in line waiting for lunch .I didn’t c ut any one to eat .I was standing and waiting for my turn .Patience ,some people don’t have it .Lots of people just cut or yell at you because they don’t have  any patience. Sometimes people will push you out of their way .They only do that because they don’t have patience at all. Patience is what people need .People need patience because lots o f feelings get hurt .Everyone should have patience.",8.0,7.0,15.0,1.0,2.0,2.0,3.0,1.0,2.0,2.0,2.0,1,1,,": The student's ideas are minimally focused on the topic and developed with limited and/or general details. The student provides a basic definition of patience but does not provide any specific examples or details to support their definition.

**Organization (2 points)**

* Score: 1
* Comments: The organization and connections between ideas and/or events are weak. The student's writing lacks a clear structure and logical flow of ideas.

**Style (2 points)**

* Score: 1
* Comments: The student's command of language is limited, including a lack of variety in word choice and sentences. The student's writing is simple and lacks descriptive language or figurative language.

**Conventions (1 point)**

* Score: 1
* Comments: The student's use of conventions of Standard English for grammar, usage, spelling, capitalization, and punctuation is limited. The student makes several errors in grammar, usage, and punctuation.

**Total Score: 12 points**

**Highlighted Errors:**

* ""Patience is when your waiting"" should be ""Patience is when you are waiting.""
* ""I was patience when in line waiting for lunch"" should be ""I was patient when in line waiting for lunch.""
* ""I didn’t c ut any one to eat"" should be ""I didn’t cut anyone to eat.""
* ""Patience ,some people don’t have it"" should be ""Patience, some people don’t have it.""
* ""Lots of people just cut or yell at you because they don’t have any patience"" should be ""Lots of people just cut or yell at you because they don’t have any patience.""
* ""Sometimes people will push you out of their way"" should be ""Sometimes people will push you out of their way.""
* ""They only do that because they don’t have patience at all"" should be ""They only do that because they don’t have any patience at all.""
* ""Patience is what people need"" should be ""Patience is what people need.""
* ""People need patience because lots o f feelings get hurt"" should be ""People need patience because lots of feelings get hurt.""
* ""Everyone should have patience"" should be ""Everyone should have patience.""",,"**Ideas (6 points)**

* Score: 1
* Comments: The student's ideas are minimally focused on the topic and developed with limited and/or general details. The student provides a basic definition of patience but does not provide any specific examples or details to support their definition.

**Organization (2 points)**

* Score: 1
* Comments: The organization and connections between ideas and/or events are weak. The student's writing lacks a clear structure and logical flow of ideas.

**Style (2 points)**

* Score: 1
* Comments: The student's command of language is limited, including a lack of variety in word choice and sentences. The student's writing is simple and lacks descriptive language or figurative language.

**Conventions (1 point)**

* Score: 1
* Comments: The student's use of conventions of Standard English for grammar, usage, spelling, capitalization, and punctuation is limited. The student makes several errors in grammar, usage, and punctuation.

**Total Score: 12 points**

**Highlighted Errors:**

* ""Patience is when your waiting"" should be ""Patience is when you are waiting.""
* ""I was patience when in line waiting for lunch"" should be ""I was patient when in line waiting for lunch.""
* ""I didn’t c ut any one to eat"" should be ""I didn’t cut anyone to eat.""
* ""Patience ,some people don’t have it"" should be ""Patience, some people don’t have it.""
* ""Lots of people just cut or yell at you because they don’t have any patience"" should be ""Lots of people just cut or yell at you because they don’t have any patience.""
* ""Sometimes people will push you out of their way"" should be ""Sometimes people will push you out of their way.""
* ""They only do that because they don’t have patience at all"" should be ""They only do that because they don’t have any patience at all.""
* ""Patience is what people need"" should be ""Patience is what people need.""
* ""People need patience because lots o f feelings get hurt"" should be ""People need patience because lots of feelings get hurt.""
* ""Everyone should have patience"" should be ""Everyone should have patience."""
17836,7,"I am not a patience person, like I can’t sit in a sit for more than five minutes, but there was one time I was patience and i bet very alse was to that right riding a bike where out training wheels. When I was five learned how to ride a bike I just keeped falling of at one piont my bike  flip and I allmost broke my jaw but i didn’t. Finally after @NUM1 weeks of onstint falling I rode for @NUM2 minutes without falling and finally learn how to riken a bike.",6.0,7.0,13.0,1.0,1.0,2.0,2.0,2.0,2.0,2.0,1.0,1,1,,":**

The student's essay needs significant improvement in all areas. The student should focus on developing their ideas more thoroughly, organizing their essay more logically, and improving their command of language and conventions of Standard English.

**Highlighted Errors:**

* ""I am not a patience person"" should be ""I am not a patient person.""
* ""like I can’t sit in a sit for more than five minutes"" should be ""like I can't sit in one place for more than five minutes.""
* ""but there was one time I was patience"" should be ""but there was one time I was patient.""
* ""and i bet very alse was to that right riding a bike where out training wheels"" should be ""and I bet very few people were as proud of me as I was when I learned how to ride a bike without training wheels.""
* ""When I was five learned how to ride a bike I just keeped falling of at one piont my bike flip and I allmost broke my jaw but i didn’t"" should be ""When I was five, I learned how to ride a bike. I kept falling off. At one point, my bike flipped over and I almost broke my jaw, but I didn't.""
* ""Finally after @NUM1 weeks of onstint falling I rode for @NUM2 minutes without falling and finally learn how to riken a bike"" should be ""Finally, after weeks of constant falling, I rode for minutes without falling and finally learned how to ride a bike.""",,"**Ideas (6 points)**

* Score: 1
* The student's ideas are minimally focused on the topic of patience. The student only provides one example of a time when they were patient, and the details are limited and general.

**Organization (3 points)**

* Score: 1
* The organization of the student's essay is weak. The student does not provide a clear introduction or conclusion, and the events are not logically sequenced.

**Style (3 points)**

* Score: 1
* The student's command of language is limited. The word choice is repetitive and the sentences are simple and lack variety.

**Conventions (3 points)**

* Score: 1
* The student's use of conventions of Standard English is limited. There are numerous errors in grammar, usage, spelling, capitalization, and punctuation.

**Total Score: 14/24**

**Comments:**

The student's essay needs significant improvement in all areas. The student should focus on developing their ideas more thoroughly, organizing their essay more logically, and improving their command of language and conventions of Standard English.

**Highlighted Errors:**

* ""I am not a patience person"" should be ""I am not a patient person.""
* ""like I can’t sit in a sit for more than five minutes"" should be ""like I can't sit in one place for more than five minutes.""
* ""but there was one time I was patience"" should be ""but there was one time I was patient.""
* ""and i bet very alse was to that right riding a bike where out training wheels"" should be ""and I bet very few people were as proud of me as I was when I learned how to ride a bike without training wheels.""
* ""When I was five learned how to ride a bike I just keeped falling of at one piont my bike flip and I allmost broke my jaw but i didn’t"" should be ""When I was five, I learned how to ride a bike. I kept falling off. At one point, my bike flipped over and I almost broke my jaw, but I didn't.""
* ""Finally after @NUM1 weeks of onstint falling I rode for @NUM2 minutes without falling and finally learn how to riken a bike"" should be ""Finally, after weeks of constant falling, I rode for minutes without falling and finally learned how to ride a bike."""
